{
  "version": 1,
  "author": "Cristian Gonzalo Vera",
  "editor": "wokwi",
  "parts": [
    { "type": "wokwi-breadboard-half", "id": "bb2", "top": 409.8, "left": 31.6, "attrs": {} },
    { "type": "wokwi-breadboard-half", "id": "bb1", "top": 409.8, "left": -563.6, "attrs": {} },
    { "type": "board-esp32-devkit-c-v4", "id": "esp", "top": 604.8, "left": -148.76, "attrs": {} },
    {
      "type": "wokwi-resistor",
      "id": "r1",
      "top": 513.6,
      "left": 37.85,
      "rotate": 90,
      "attrs": { "value": "1000" }
    },
    {
      "type": "wokwi-resistor",
      "id": "r2",
      "top": 513.6,
      "left": 66.65,
      "rotate": 90,
      "attrs": { "value": "1000" }
    },
    {
      "type": "wokwi-resistor",
      "id": "r3",
      "top": 513.6,
      "left": 95.45,
      "rotate": 90,
      "attrs": { "value": "1000" }
    },
    {
      "type": "wokwi-resistor",
      "id": "r4",
      "top": 513.6,
      "left": 153.05,
      "rotate": 90,
      "attrs": { "value": "1000" }
    },
    {
      "type": "wokwi-resistor",
      "id": "r5",
      "top": 513.6,
      "left": 124.25,
      "rotate": 90,
      "attrs": { "value": "1000" }
    },
    {
      "type": "wokwi-resistor",
      "id": "r6",
      "top": 513.6,
      "left": 181.85,
      "rotate": 90,
      "attrs": { "value": "1000" }
    },
    {
      "type": "wokwi-led",
      "id": "led1",
      "top": 438,
      "left": 81,
      "attrs": { "color": "red", "flip": "1" }
    },
    {
      "type": "wokwi-resistor",
      "id": "r7",
      "top": 513.6,
      "left": 210.65,
      "rotate": 90,
      "attrs": { "value": "1000" }
    },
    {
      "type": "wokwi-resistor",
      "id": "r8",
      "top": 513.6,
      "left": 239.45,
      "rotate": 90,
      "attrs": { "value": "1000" }
    },
    {
      "type": "wokwi-led",
      "id": "led2",
      "top": 438,
      "left": 109.8,
      "attrs": { "color": "red", "flip": "1" }
    },
    {
      "type": "wokwi-led",
      "id": "led3",
      "top": 438,
      "left": 52.2,
      "attrs": { "color": "red", "flip": "1" }
    },
    {
      "type": "wokwi-led",
      "id": "led4",
      "top": 438,
      "left": 138.6,
      "attrs": { "color": "red", "flip": "1" }
    },
    {
      "type": "wokwi-led",
      "id": "led5",
      "top": 438,
      "left": 196.2,
      "attrs": { "color": "red", "flip": "1" }
    },
    {
      "type": "wokwi-led",
      "id": "led6",
      "top": 438,
      "left": 253.8,
      "attrs": { "color": "red", "flip": "1" }
    },
    {
      "type": "wokwi-led",
      "id": "led7",
      "top": 438,
      "left": 167.4,
      "attrs": { "color": "red", "flip": "1" }
    },
    {
      "type": "wokwi-led",
      "id": "led8",
      "top": 438,
      "left": 225,
      "attrs": { "color": "red", "flip": "1" }
    },
    {
      "type": "wokwi-pushbutton",
      "id": "btn1",
      "top": 498.6,
      "left": -534.6,
      "rotate": 90,
      "attrs": { "color": "green" }
    },
    {
      "type": "wokwi-pushbutton",
      "id": "btn2",
      "top": 498.6,
      "left": -486.6,
      "rotate": 90,
      "attrs": { "color": "green" }
    },
    { "type": "wokwi-dip-switch-8", "id": "sw1", "top": 486.3, "left": -353.7, "attrs": {} },
    {
      "type": "wokwi-pushbutton",
      "id": "btn3",
      "top": 498.6,
      "left": -438.6,
      "rotate": 90,
      "attrs": { "color": "green" }
    },
    {
      "type": "wokwi-resistor",
      "id": "r9",
      "top": 446.4,
      "left": -518.95,
      "rotate": 90,
      "attrs": { "value": "1000" }
    },
    {
      "type": "wokwi-resistor",
      "id": "r10",
      "top": 446.4,
      "left": -470.95,
      "rotate": 90,
      "attrs": { "value": "1000" }
    },
    {
      "type": "wokwi-resistor",
      "id": "r11",
      "top": 446.4,
      "left": -422.95,
      "rotate": 90,
      "attrs": { "value": "1000" }
    }
  ],
  "connections": [
    [ "esp:TX", "$serialMonitor:RX", "", [] ],
    [ "esp:RX", "$serialMonitor:TX", "", [] ],
    [ "bb2:3t.a", "bb2:tn.2", "black", [ "v0" ] ],
    [ "bb2:6t.a", "bb2:tn.5", "black", [ "v-28.8" ] ],
    [ "bb2:9t.a", "bb2:tn.7", "black", [ "v0" ] ],
    [ "bb2:12t.a", "bb2:tn.10", "black", [ "v0" ] ],
    [ "bb2:21t.a", "bb2:tn.17", "black", [ "v0" ] ],
    [ "bb2:24t.a", "bb2:tn.20", "black", [ "v0" ] ],
    [ "bb2:15t.a", "bb2:tn.12", "black", [ "v0" ] ],
    [ "bb2:18t.a", "bb2:tn.15", "black", [ "v0" ] ],
    [ "bb2:tp.25", "bb2:bp.25", "red", [ "v0.3", "h20.8", "v172.8" ] ],
    [ "bb2:tn.25", "bb2:bn.25", "black", [ "v-0.1", "h11.2", "v172.8" ] ],
    [ "r1:1", "bb2:2t.d", "", [ "$bb" ] ],
    [ "r1:2", "bb2:2b.h", "", [ "$bb" ] ],
    [ "r2:1", "bb2:5t.d", "", [ "$bb" ] ],
    [ "r2:2", "bb2:5b.h", "", [ "$bb" ] ],
    [ "r3:1", "bb2:8t.d", "", [ "$bb" ] ],
    [ "r3:2", "bb2:8b.h", "", [ "$bb" ] ],
    [ "r4:1", "bb2:14t.d", "", [ "$bb" ] ],
    [ "r4:2", "bb2:14b.h", "", [ "$bb" ] ],
    [ "r5:1", "bb2:11t.d", "", [ "$bb" ] ],
    [ "r5:2", "bb2:11b.h", "", [ "$bb" ] ],
    [ "r6:1", "bb2:17t.d", "", [ "$bb" ] ],
    [ "r6:2", "bb2:17b.h", "", [ "$bb" ] ],
    [ "led1:A", "bb2:5t.c", "", [ "$bb" ] ],
    [ "led1:C", "bb2:6t.c", "", [ "$bb" ] ],
    [ "r7:1", "bb2:20t.d", "", [ "$bb" ] ],
    [ "r7:2", "bb2:20b.h", "", [ "$bb" ] ],
    [ "r8:1", "bb2:23t.d", "", [ "$bb" ] ],
    [ "r8:2", "bb2:23b.h", "", [ "$bb" ] ],
    [ "led4:A", "bb2:11t.c", "", [ "$bb" ] ],
    [ "led4:C", "bb2:12t.c", "", [ "$bb" ] ],
    [ "led5:A", "bb2:17t.c", "", [ "$bb" ] ],
    [ "led5:C", "bb2:18t.c", "", [ "$bb" ] ],
    [ "led8:A", "bb2:20t.c", "", [ "$bb" ] ],
    [ "led8:C", "bb2:21t.c", "", [ "$bb" ] ],
    [ "led6:A", "bb2:23t.c", "", [ "$bb" ] ],
    [ "led6:C", "bb2:24t.c", "", [ "$bb" ] ],
    [ "led2:A", "bb2:8t.c", "", [ "$bb" ] ],
    [ "led2:C", "bb2:9t.c", "", [ "$bb" ] ],
    [ "led7:A", "bb2:14t.c", "", [ "$bb" ] ],
    [ "led7:C", "bb2:15t.c", "", [ "$bb" ] ],
    [ "led3:A", "bb2:2t.c", "", [ "$bb" ] ],
    [ "led3:C", "bb2:3t.c", "", [ "$bb" ] ],
    [ "esp:GND.2", "bb2:tn.1", "black", [ "v0" ] ],
    [ "bb2:tp.1", "bb1:tp.25", "red", [ "v0.3", "h-324.8" ] ],
    [ "bb2:tn.1", "bb1:tn.25", "black", [ "v0" ] ],
    [ "bb1:tn.1", "bb1:bn.1", "black", [ "v-0.1", "h-17.6", "v174.1" ] ],
    [ "bb1:tp.1", "bb1:bp.1", "red", [ "v0.3", "h-27.2", "v172.8" ] ],
    [ "bb1:28t.a", "bb1:tn.23", "green", [ "v0" ] ],
    [ "bb1:27t.a", "bb1:tn.22", "green", [ "v0" ] ],
    [ "bb1:26t.a", "bb1:tn.21", "green", [ "v0" ] ],
    [ "bb1:25t.b", "bb1:26t.b", "green", [ "v0" ] ],
    [ "bb1:24t.a", "bb1:tn.20", "green", [ "v0" ] ],
    [ "bb1:23t.a", "bb1:tn.19", "green", [ "v0" ] ],
    [ "bb1:22t.a", "bb1:tn.18", "green", [ "v0" ] ],
    [ "bb1:21t.a", "bb1:tn.17", "green", [ "v0" ] ],
    [ "esp:15", "bb2:23b.j", "green", [ "v0", "h297.6" ] ],
    [ "esp:2", "bb2:20b.j", "green", [ "h288" ] ],
    [ "esp:0", "bb2:17b.j", "green", [ "h268.8" ] ],
    [ "esp:4", "bb2:14b.j", "green", [ "h230.4" ] ],
    [ "esp:16", "bb2:11b.j", "green", [ "h0" ] ],
    [ "esp:17", "bb2:8b.j", "green", [ "h0" ] ],
    [ "esp:5", "bb2:5b.j", "green", [ "h0" ] ],
    [ "esp:18", "bb2:2b.j", "green", [ "h0" ] ],
    [ "sw1:1a", "bb1:21b.g", "", [ "$bb" ] ],
    [ "sw1:2a", "bb1:22b.g", "", [ "$bb" ] ],
    [ "sw1:3a", "bb1:23b.g", "", [ "$bb" ] ],
    [ "sw1:4a", "bb1:24b.g", "", [ "$bb" ] ],
    [ "sw1:5a", "bb1:25b.g", "", [ "$bb" ] ],
    [ "sw1:6a", "bb1:26b.g", "", [ "$bb" ] ],
    [ "sw1:7a", "bb1:27b.g", "", [ "$bb" ] ],
    [ "sw1:8a", "bb1:28b.g", "", [ "$bb" ] ],
    [ "sw1:8b", "bb1:28t.d", "", [ "$bb" ] ],
    [ "sw1:7b", "bb1:27t.d", "", [ "$bb" ] ],
    [ "sw1:6b", "bb1:26t.d", "", [ "$bb" ] ],
    [ "sw1:5b", "bb1:25t.d", "", [ "$bb" ] ],
    [ "sw1:4b", "bb1:24t.d", "", [ "$bb" ] ],
    [ "sw1:3b", "bb1:23t.d", "", [ "$bb" ] ],
    [ "sw1:2b", "bb1:22t.d", "", [ "$bb" ] ],
    [ "sw1:1b", "bb1:21t.d", "", [ "$bb" ] ],
    [ "bb1:14b.j", "bb1:bn.11", "green", [ "v38.4" ] ],
    [ "esp:3V3", "bb1:tp.25", "red", [ "h0.15", "v-211.2" ] ],
    [ "bb1:28b.j", "esp:32", "green", [ "v0" ] ],
    [ "bb1:27b.j", "esp:33", "green", [ "v0" ] ],
    [ "bb1:26b.j", "esp:25", "green", [ "v0" ] ],
    [ "bb1:25b.j", "esp:26", "green", [ "v0" ] ],
    [ "bb1:24b.j", "esp:27", "green", [ "v0" ] ],
    [ "bb1:23b.j", "esp:14", "green", [ "v0" ] ],
    [ "bb1:22b.j", "esp:12", "green", [ "v0" ] ],
    [ "bb1:21b.j", "esp:13", "green", [ "v0" ] ],
    [ "bb1:9b.j", "bb1:bn.7", "green", [ "v0" ] ],
    [ "bb1:4b.j", "bb1:bn.3", "green", [ "v0" ] ],
    [ "btn1:1.l", "bb1:6t.d", "", [ "$bb" ] ],
    [ "btn1:2.l", "bb1:4t.d", "", [ "$bb" ] ],
    [ "btn1:1.r", "bb1:6b.i", "", [ "$bb" ] ],
    [ "btn1:2.r", "bb1:4b.i", "", [ "$bb" ] ],
    [ "btn2:1.l", "bb1:11t.d", "", [ "$bb" ] ],
    [ "btn2:2.l", "bb1:9t.d", "", [ "$bb" ] ],
    [ "btn2:1.r", "bb1:11b.i", "", [ "$bb" ] ],
    [ "btn2:2.r", "bb1:9b.i", "", [ "$bb" ] ],
    [ "btn3:1.l", "bb1:16t.d", "", [ "$bb" ] ],
    [ "btn3:2.l", "bb1:14t.d", "", [ "$bb" ] ],
    [ "btn3:1.r", "bb1:16b.i", "", [ "$bb" ] ],
    [ "btn3:2.r", "bb1:14b.i", "", [ "$bb" ] ],
    [ "r9:1", "bb1:tp.5", "", [ "$bb" ] ],
    [ "r9:2", "bb1:6t.c", "", [ "$bb" ] ],
    [ "r10:1", "bb1:tp.9", "", [ "$bb" ] ],
    [ "r10:2", "bb1:11t.c", "", [ "$bb" ] ],
    [ "r11:1", "bb1:tp.13", "", [ "$bb" ] ],
    [ "r11:2", "bb1:16t.c", "", [ "$bb" ] ],
    [ "bb1:16b.j", "esp:VP", "green", [ "v0" ] ],
    [ "bb1:11b.j", "esp:VN", "green", [ "v0" ] ],
    [ "bb1:6b.j", "esp:34", "green", [ "v0" ] ]
  ],
  "dependencies": {}
}
